,Institución,# Publicaciones,# Autores,% Hombre,% Mujer,Producción Per Cápita,año,region
0,Agricola Super Ltd,1,1,100,0,1.0,2008,Región del Libertador General Bernardo O'Higgins
1,Instituto de Investigaciones Agropecuarias,1,1,100,0,1.0,2008,Región del Libertador General Bernardo O'Higgins
2,Centro de Salud Familiar Mostazal,2,3,100,0,0.7,2008,Región del Libertador General Bernardo O'Higgins
0,Bio Insumos Nativa,1,1,100,0,1.0,2008,Región del Maule
1,Universidad Católica del Maule,17,18,65,35,0.9,2008,Región del Maule
2,Universidad de Talca,109,146,74,26,0.7,2008,Región del Maule
3,Centro de Investigacion en Biotecnologia Silvoagricola,1,3,67,33,0.3,2008,Región del Maule
4,Servicio de Salud del Maule,1,1,0,100,1.0,2008,Región del Maule
0,Bioforest SA,2,5,100,0,0.4,2008,Región del Biobío
1,CONAMA Chilean Environm Commiss,1,1,0,100,1.0,2008,Región del Biobío
2,Centro de investigación Oceanográfica en el Pacífico Sur Oriental,1,2,100,0,0.5,2008,Región del Biobío
3,Forestal Mininco SA,1,1,100,0,1.0,2008,Región del Biobío
4,Hospital Guillermo Grant Benavente,1,3,67,33,0.3,2008,Región del Biobío
5,Hospital Las Higueras,1,8,60,40,0.1,2008,Región del Biobío
6,Hospital Regional de Puerto Montt,1,1,0,0,1.0,2008,Región del Biobío
7,Inst Invest Pesquera INPESCA,3,6,83,17,0.5,2008,Región del Biobío
8,Universidad Católica de la Santísima Concepción,33,38,73,27,0.9,2008,Región del Biobío
9,Universidad de Concepción,615,745,66,34,0.8,2008,Región del Biobío
10,Universidad del Bío Bío,30,32,91,9,0.9,2008,Región del Biobío
11,Universidad del Desarrollo,3,2,50,50,1.5,2008,Región del Biobío
12,Universidad Santo Tomás,1,1,100,0,1.0,2008,Región del Biobío
13,Centro de Investigacion de Polimeros Avanzados,1,1,0,0,1.0,2008,Región del Biobío
14,Centro de Investigacion en Ecosistemas de la Patagonia,2,2,100,0,1.0,2008,Región del Biobío
15,Hospital Naval Almirante Adriazola,1,1,100,0,1.0,2008,Región del Biobío
16,Instituto de Ecologia y Biodiversidad,2,3,33,67,0.7,2008,Región del Biobío
17,Consorcio Genómica Forestal,1,2,100,0,0.5,2008,Región del Biobío
18,Museo Historia Natural de Concepción,1,1,100,0,1.0,2008,Región del Biobío
19,Servicio de Salud de Concepción,1,1,0,100,1.0,2008,Región del Biobío
0,Instituto de Investigaciones Agropecuarias,1,1,100,0,1.0,2008,Región de Ñuble
1,Inst Nacl Invest Agropecuarias,1,3,67,33,0.3,2008,Región de Ñuble
2,Servicio Agrícola y Ganadero,1,1,100,0,1.0,2008,Región de Ñuble
3,Universidad de Concepción,45,54,66,34,0.8,2008,Región de Ñuble
4,Universidad del Bío Bío,48,27,81,19,1.8,2008,Región de Ñuble
5,Instituto de Investigaciones Agropecuarias,13,21,80,20,0.6,2008,Región de Ñuble
0,CODELCO,1,2,100,0,0.5,2009,Región del Libertador General Bernardo O'Higgins
1,Corp Nacl Cobre,1,1,0,100,1.0,2009,Región del Libertador General Bernardo O'Higgins
2,Instituto de Investigaciones Agropecuarias,3,1,100,0,3.0,2009,Región del Libertador General Bernardo O'Higgins
3,Centro de Salud Familiar Mostazal,1,3,100,0,0.3,2009,Región del Libertador General Bernardo O'Higgins
0,Hospital de Curicó,1,2,0,100,0.5,2009,Región del Maule
1,Hospital Regional de Talca,4,4,75,25,1.0,2009,Región del Maule
2,Servicio Agrícola y Ganadero,1,1,100,0,1.0,2009,Región del Maule
3,Universidad Autónoma de Chile,3,4,50,50,0.8,2009,Región del Maule
4,Universidad Católica del Maule,23,30,73,27,0.8,2009,Región del Maule
5,Universidad de Concepción,1,1,100,0,1.0,2009,Región del Maule
6,Universidad de Talca,133,170,69,31,0.8,2009,Región del Maule
7,Universidad Santo Tomás,3,3,67,33,1.0,2009,Región del Maule
8,Centro de Investigacion en Biotecnologia Silvoagricola,3,6,83,17,0.5,2009,Región del Maule
0,Bioforest SA,3,4,100,0,0.8,2009,Región del Biobío
1,Clínica Sanatorio Alemán,1,1,100,0,1.0,2009,Región del Biobío
2,Corp Nacl Forestal,1,1,100,0,1.0,2009,Región del Biobío
3,Forestal Mininco SA,1,1,100,0,1.0,2009,Región del Biobío
4,Hospital del Trabajador de Santiago,4,5,100,0,0.8,2009,Región del Biobío
5,Hospital Guillermo Grant Benavente,2,5,80,20,0.4,2009,Región del Biobío
6,Hospital Las Higueras,1,1,0,100,1.0,2009,Región del Biobío
7,Hospital Regional de Concepción,7,13,58,42,0.5,2009,Región del Biobío
8,Inst Invest Pesquera INPESCA,3,6,67,33,0.5,2009,Región del Biobío
9,Universidad Católica de la Santísima Concepción,48,63,50,50,0.8,2009,Región del Biobío
10,Universidad de Concepción,698,772,65,35,0.9,2009,Región del Biobío
11,Universidad de Talca,2,3,67,33,0.7,2009,Región del Biobío
12,Universidad del Bío Bío,47,48,67,33,1.0,2009,Región del Biobío
13,Universidad Nacional Andrés Bello,1,1,100,0,1.0,2009,Región del Biobío
14,Universidad San Sebastián,1,1,100,0,1.0,2009,Región del Biobío
15,Universidad Santo Tomás,1,1,100,0,1.0,2009,Región del Biobío
16,Centro de Investigacion en Ecosistemas de la Patagonia,1,3,100,0,0.3,2009,Región del Biobío
17,Direccion General de Aguas,1,1,100,0,1.0,2009,Región del Biobío
18,Instituto de Ecologia y Biodiversidad,1,1,100,0,1.0,2009,Región del Biobío
19,Consorcio Genómica Forestal,1,1,100,0,1.0,2009,Región del Biobío
20,Observatorio Europeo Austral,1,1,100,0,1.0,2009,Región del Biobío
0,Corp Nacl Forestal,1,1,0,100,1.0,2009,Región de Ñuble
1,Hospital Clínico Herminda Martin,4,18,72,28,0.2,2009,Región de Ñuble
2,Universidad Adventista de Chile,1,2,50,50,0.5,2009,Región de Ñuble
3,Universidad Católica de la Santísima Concepción,4,10,80,20,0.4,2009,Región de Ñuble
4,Universidad de Concepción,49,81,65,35,0.6,2009,Región de Ñuble
5,Universidad del Bío Bío,36,22,68,32,1.6,2009,Región de Ñuble
6,Instituto de Investigaciones Agropecuarias,20,24,71,29,0.8,2009,Región de Ñuble
0,Hospital Regional de Rancagua,3,3,100,0,1.0,2010,Región del Libertador General Bernardo O'Higgins
1,Universidad Diego Portales,1,3,67,33,0.3,2010,Región del Libertador General Bernardo O'Higgins
2,Instituto de Investigaciones Agropecuarias,1,1,100,0,1.0,2010,Región del Libertador General Bernardo O'Higgins
3,Centro de Salud Familiar Mostazal,4,7,100,0,0.6,2010,Región del Libertador General Bernardo O'Higgins
0,Hospital Regional de Talca,1,1,0,0,1.0,2010,Región del Maule
1,Universidad Autónoma de Chile,6,7,43,57,0.9,2010,Región del Maule
2,Universidad Católica del Maule,28,33,76,24,0.8,2010,Región del Maule
3,Universidad de Concepción,1,2,50,50,0.5,2010,Región del Maule
4,Universidad de Talca,145,190,68,32,0.8,2010,Región del Maule
5,Universidad del Bío Bío,1,1,100,0,1.0,2010,Región del Maule
6,Universidad Metropolitana de Ciencias de la Educación,1,1,100,0,1.0,2010,Región del Maule
7,Universidad Santo Tomás,2,2,100,0,1.0,2010,Región del Maule
8,Centro de Salud Familiar,1,1,100,0,1.0,2010,Región del Maule
9,Instituto de Investigaciones Agropecuarias,2,2,100,0,1.0,2010,Región del Maule
10,Servicio de Salud del Maule,1,1,0,100,1.0,2010,Región del Maule
0,Bioforest SA,3,6,83,17,0.5,2010,Región del Biobío
1,Clínica Sanatorio Alemán,2,8,63,38,0.3,2010,Región del Biobío
2,Centro de investigación Oceanográfica en el Pacífico Sur Oriental,1,2,100,0,0.5,2010,Región del Biobío
3,Ctr Sangre Concepc,1,2,0,100,0.5,2010,Región del Biobío
4,Hospital Guillermo Grant Benavente,4,6,50,50,0.7,2010,Región del Biobío
5,Hospital Regional de Concepción,4,9,63,38,0.4,2010,Región del Biobío
6,Inst Invest Pesquera INPESCA,2,2,100,0,1.0,2010,Región del Biobío
7,Ministerio de Obras Públicas,1,1,100,0,1.0,2010,Región del Biobío
8,Pontificia Universidad Católica de Chile,1,1,100,0,1.0,2010,Región del Biobío
9,Universidad Católica de la Santísima Concepción,38,41,60,40,0.9,2010,Región del Biobío
10,Universidad de Concepción,726,875,65,35,0.8,2010,Región del Biobío
11,Universidad de Santiago de Chile,1,1,100,0,1.0,2010,Región del Biobío
12,Universidad del Bío Bío,32,36,81,19,0.9,2010,Región del Biobío
13,Universidad del Desarrollo,2,3,100,0,0.7,2010,Región del Biobío
14,Universidad Nacional Andrés Bello,1,1,100,0,1.0,2010,Región del Biobío
15,Universidad San Sebastián,8,11,44,56,0.7,2010,Región del Biobío
16,Universidad Santo Tomás,2,2,100,0,1.0,2010,Región del Biobío
17,Centro de Investigacion de Polimeros Avanzados,1,1,0,0,1.0,2010,Región del Biobío
18,Centro de Investigacion en Ecosistemas de la Patagonia,1,1,100,0,1.0,2010,Región del Biobío
19,Centro de Sangre de Concepcion,2,3,0,100,0.7,2010,Región del Biobío
20,Instituto de Ecologia y Biodiversidad,2,3,67,33,0.7,2010,Región del Biobío
21,Consorcio Genómica Forestal,1,2,50,50,0.5,2010,Región del Biobío
0,Hospital Clínico Herminda Martin,1,1,100,0,1.0,2010,Región de Ñuble
1,Universidad de Concepción,52,68,65,35,0.8,2010,Región de Ñuble
2,Universidad del Bío Bío,40,38,75,25,1.1,2010,Región de Ñuble
3,Instituto de Investigaciones Agropecuarias,19,26,76,24,0.7,2010,Región de Ñuble
0,Corp Nacl Cobre,1,2,100,0,0.5,2011,Región del Libertador General Bernardo O'Higgins
1,Hospital Regional de Rancagua,2,2,100,0,1.0,2011,Región del Libertador General Bernardo O'Higgins
2,Universidad Diego Portales,1,1,100,0,1.0,2011,Región del Libertador General Bernardo O'Higgins
3,Centro de Estudios Avanzados en Fruticultura,1,1,100,0,1.0,2011,Región del Libertador General Bernardo O'Higgins
4,Instituto de Investigaciones Agropecuarias,6,5,100,0,1.2,2011,Región del Libertador General Bernardo O'Higgins
0,Hospital Regional de Talca,4,6,67,33,0.7,2011,Región del Maule
1,Universidad Autónoma de Chile,7,6,67,33,1.2,2011,Región del Maule
2,Universidad Católica del Maule,50,61,64,36,0.8,2011,Región del Maule
3,Universidad de la Frontera,1,1,100,0,1.0,2011,Región del Maule
4,Universidad de Talca,156,207,68,32,0.8,2011,Región del Maule
5,Universidad del Mar,1,1,100,0,1.0,2011,Región del Maule
6,Universidad Santo Tomás,2,4,75,25,0.5,2011,Región del Maule
0,Bioforest SA,5,3,100,0,1.7,2011,Región del Biobío
1,Clínica Sanatorio Alemán,7,11,91,9,0.6,2011,Región del Biobío
2,Forestal Mininco SA,1,1,100,0,1.0,2011,Región del Biobío
3,Hospital Guillermo Grant Benavente,2,2,50,50,1.0,2011,Región del Biobío
4,Hospital Las Higueras,4,5,60,40,0.8,2011,Región del Biobío
5,Hospital Regional de Concepción,5,4,100,0,1.3,2011,Región del Biobío
6,Inst Fomento Pesquero IFOP,1,1,0,100,1.0,2011,Región del Biobío
7,Red Conservacionista Patrimonio Nat Contulmo,1,1,100,0,1.0,2011,Región del Biobío
8,Universidad Bolivariana,1,1,100,0,1.0,2011,Región del Biobío
9,Universidad Católica de la Santísima Concepción,42,61,60,40,0.7,2011,Región del Biobío
10,Universidad de Concepción,727,884,68,32,0.8,2011,Región del Biobío
11,Universidad del Bío Bío,58,63,67,33,0.9,2011,Región del Biobío
12,Universidad del Desarrollo,9,9,78,22,1.0,2011,Región del Biobío
13,Universidad Nacional Andrés Bello,5,5,80,20,1.0,2011,Región del Biobío
14,Universidad San Sebastián,9,9,56,44,1.0,2011,Región del Biobío
15,Universidad Santo Tomás,1,1,100,0,1.0,2011,Región del Biobío
16,Astilleros y Maestranza de La Armada,1,1,100,0,1.0,2011,Región del Biobío
17,Centro de Investigacion de Polimeros Avanzados,13,3,50,50,4.3,2011,Región del Biobío
18,Centro de Optica y Fotonica,1,3,100,0,0.3,2011,Región del Biobío
19,Centro de Sangre de Concepcion,1,2,0,100,0.5,2011,Región del Biobío
20,Instituto de Ecologia y Biodiversidad,5,2,100,0,2.5,2011,Región del Biobío
21,Consorcio Genómica Forestal,2,2,100,0,1.0,2011,Región del Biobío
0,Hospital Clínico Herminda Martin,4,6,100,0,0.7,2011,Región de Ñuble
1,Instituto de Investigaciones Agropecuarias,2,3,100,0,0.7,2011,Región de Ñuble
2,Universidad Católica de la Santísima Concepción,1,1,100,0,1.0,2011,Región de Ñuble
3,Universidad de Concepción,44,79,65,35,0.6,2011,Región de Ñuble
4,Universidad del Bío Bío,50,56,62,38,0.9,2011,Región de Ñuble
5,Instituto de Investigaciones Agropecuarias,18,24,79,21,0.8,2011,Región de Ñuble
0,DATCO Chile,2,5,25,75,0.4,2012,Región del Libertador General Bernardo O'Higgins
1,Hospital Clínico FUSAT,1,3,100,0,0.3,2012,Región del Libertador General Bernardo O'Higgins
2,Hospital Regional de Rancagua,3,4,100,0,0.8,2012,Región del Libertador General Bernardo O'Higgins
3,Centro de Estudios Avanzados en Fruticultura,5,9,75,25,0.6,2012,Región del Libertador General Bernardo O'Higgins
4,Centro de Salud Familiar,1,1,0,100,1.0,2012,Región del Libertador General Bernardo O'Higgins
5,Comision Nacional de Investigacion Cientifica y Tecnologica,1,1,100,0,1.0,2012,Región del Libertador General Bernardo O'Higgins
6,Instituto de Investigaciones Agropecuarias,1,1,100,0,1.0,2012,Región del Libertador General Bernardo O'Higgins
0,Hospital Regional de Talca,2,2,50,50,1.0,2012,Región del Maule
1,Universidad Autónoma de Chile,6,4,75,25,1.5,2012,Región del Maule
2,Universidad Católica del Maule,43,50,63,37,0.9,2012,Región del Maule
3,Universidad de Chile,1,1,0,100,1.0,2012,Región del Maule
4,Universidad de Talca,178,224,75,25,0.8,2012,Región del Maule
0,Bioforest SA,2,2,100,0,1.0,2012,Región del Biobío
1,Clínica Alemana,2,3,100,0,0.7,2012,Región del Biobío
2,Clínica Sanatorio Alemán,2,4,100,0,0.5,2012,Región del Biobío
3,Ctr Anat Patol Vet CAPAVET,1,4,100,0,0.3,2012,Región del Biobío
4,Ctr Opt & Photon,2,5,100,0,0.4,2012,Región del Biobío
5,Forestal Mininco SA,6,7,86,14,0.9,2012,Región del Biobío
6,Hospital Guillermo Grant Benavente,4,11,70,30,0.4,2012,Región del Biobío
7,Hospital Las Higueras,1,1,100,0,1.0,2012,Región del Biobío
8,Hospital Regional de Concepción,8,16,50,50,0.5,2012,Región del Biobío
9,Inst Invest Pesquera INPESCA,6,3,33,67,2.0,2012,Región del Biobío
10,Universidad Católica de la Santísima Concepción,58,69,66,34,0.8,2012,Región del Biobío
11,Universidad de Concepción,828,1036,64,36,0.8,2012,Región del Biobío
12,Universidad de la Frontera,1,1,0,100,1.0,2012,Región del Biobío
13,Universidad del Bío Bío,58,65,68,32,0.9,2012,Región del Biobío
14,Universidad del Desarrollo,15,20,72,28,0.8,2012,Región del Biobío
15,Universidad Nacional Andrés Bello,7,7,43,57,1.0,2012,Región del Biobío
16,Universidad San Sebastián,8,8,50,50,1.0,2012,Región del Biobío
17,Universidad Santo Tomás,1,1,100,0,1.0,2012,Región del Biobío
18,Universidad Técnica Federico Santa María,1,1,100,0,1.0,2012,Región del Biobío
19,Centro de Biotecnologia Acuicola,1,4,25,75,0.3,2012,Región del Biobío
20,Centro de Investigacion de Polimeros Avanzados,16,7,50,50,2.3,2012,Región del Biobío
21,Centro de Optica y Fotonica,9,6,80,20,1.5,2012,Región del Biobío
22,Hospital del Trabajador,1,1,100,0,1.0,2012,Región del Biobío
23,Instituto Forestal,1,1,100,0,1.0,2012,Región del Biobío
24,Servicio Nacional de Pesca y Acuicultura,1,1,100,0,1.0,2012,Región del Biobío
25,Consorcio Genómica Forestal,3,4,50,50,0.8,2012,Región del Biobío
26,Museo Historia Natural de Concepción,1,1,100,0,1.0,2012,Región del Biobío
0,Instituto de Investigaciones Agropecuarias,3,4,50,50,0.8,2012,Región de Ñuble
1,Universidad Adventista de Chile,1,1,100,0,1.0,2012,Región de Ñuble
2,Universidad de Concepción,57,87,69,31,0.7,2012,Región de Ñuble
3,Universidad de Talca,1,1,100,0,1.0,2012,Región de Ñuble
4,Universidad del Bío Bío,44,52,54,46,0.8,2012,Región de Ñuble
5,Instituto de Investigaciones Agropecuarias,15,22,60,40,0.7,2012,Región de Ñuble
0,Corp Nacl Cobre,1,1,100,0,1.0,2013,Región del Libertador General Bernardo O'Higgins
1,DATCO Chile,2,1,0,100,2.0,2013,Región del Libertador General Bernardo O'Higgins
2,Hospital Regional de Rancagua,2,3,100,0,0.7,2013,Región del Libertador General Bernardo O'Higgins
3,Instituto de Investigaciones Agropecuarias,1,1,100,0,1.0,2013,Región del Libertador General Bernardo O'Higgins
4,Universidad de Concepción,1,2,100,0,0.5,2013,Región del Libertador General Bernardo O'Higgins
5,Centro de Estudios Avanzados en Fruticultura,7,5,50,50,1.4,2013,Región del Libertador General Bernardo O'Higgins
6,Instituto de Investigaciones Agropecuarias,5,9,50,50,0.6,2013,Región del Libertador General Bernardo O'Higgins
7,Museo Regional de Rancagua,1,1,100,0,1.0,2013,Región del Libertador General Bernardo O'Higgins
0,Hospital Regional de Talca,8,18,71,29,0.4,2013,Región del Maule
1,Universidad Autónoma de Chile,4,5,80,20,0.8,2013,Región del Maule
2,Universidad Católica del Maule,50,73,67,33,0.7,2013,Región del Maule
3,Universidad de Talca,239,269,70,30,0.9,2013,Región del Maule
4,Universidad Santo Tomás,2,2,100,0,1.0,2013,Región del Maule
5,Centro de Estudios Avanzados en Fruticultura,4,6,80,20,0.7,2013,Región del Maule
6,Instituto de Investigaciones Agropecuarias,1,1,0,0,1.0,2013,Región del Maule
7,Centro de Estudios en Alimentos Procesados,3,3,100,0,1.0,2013,Región del Maule
0,Bioforest SA,3,3,100,0,1.0,2013,Región del Biobío
1,Chilean Forest Inst INFOR,1,1,0,100,1.0,2013,Región del Biobío
2,Clínica Sanatorio Alemán,1,1,0,0,1.0,2013,Región del Biobío
3,Centro de investigación Oceanográfica en el Pacífico Sur Oriental,3,7,100,0,0.4,2013,Región del Biobío
4,Corp Nacl Forestal,1,1,0,100,1.0,2013,Región del Biobío
5,Forestal Mininco SA,4,3,67,33,1.3,2013,Región del Biobío
6,Hospital Guillermo Grant Benavente,5,3,50,50,1.7,2013,Región del Biobío
7,Hospital Las Higueras,3,6,40,60,0.5,2013,Región del Biobío
8,Hospital Regional de Concepción,1,4,100,0,0.3,2013,Región del Biobío
9,Inst Invest Pesquera INPESCA,3,7,86,14,0.4,2013,Región del Biobío
10,Lab Ingn Acuicola Irene Lepez Ltda,1,3,33,67,0.3,2013,Región del Biobío
11,Lab Proc Oceanog & Clima,2,2,0,100,1.0,2013,Región del Biobío
12,Red Conservacionista Patrimonio Nat Contulmo,1,1,100,0,1.0,2013,Región del Biobío
13,Universidad Católica de la Santísima Concepción,50,54,66,34,0.9,2013,Región del Biobío
14,Universidad de Concepción,810,1003,65,35,0.8,2013,Región del Biobío
15,Universidad de la Frontera,1,1,0,100,1.0,2013,Región del Biobío
16,Universidad del Bío Bío,71,81,73,27,0.9,2013,Región del Biobío
17,Universidad del Desarrollo,18,15,80,20,1.2,2013,Región del Biobío
18,Universidad Nacional Andrés Bello,9,8,50,50,1.1,2013,Región del Biobío
19,Universidad San Sebastián,4,3,33,67,1.3,2013,Región del Biobío
20,Universidad Santo Tomás,4,4,67,33,1.0,2013,Región del Biobío
21,Astilleros y Maestranza de La Armada,1,2,100,0,0.5,2013,Región del Biobío
22,Centro de Investigacion de Polimeros Avanzados,9,11,40,60,0.8,2013,Región del Biobío
23,Centro Nacional de Investigacion para la Gestion Integrada de Desastres Naturales,1,3,100,0,0.3,2013,Región del Biobío
24,Centro de Ciencia del Clima y la Resiliencia,1,2,0,100,0.5,2013,Región del Biobío
25,Universidad de Aconcagua,1,1,100,0,1.0,2013,Región del Biobío
26,Centro Interdisciplinario de Investigación en Acuicultura Sustentable,26,9,100,0,2.9,2013,Región del Biobío
27,Núcleo Milenio de Investigación en Economía Ambiental y Recursos Naturales,1,1,100,0,1.0,2013,Región del Biobío
28,Iniciativa Científica Milenio,1,1,100,0,1.0,2013,Región del Biobío
0,Universidad Adventista de Chile,2,2,100,0,1.0,2013,Región de Ñuble
1,Universidad de Chile,1,4,25,75,0.3,2013,Región de Ñuble
2,Universidad de Concepción,51,78,72,28,0.7,2013,Región de Ñuble
3,Universidad del Bío Bío,66,63,66,34,1.0,2013,Región de Ñuble
4,Instituto de Investigaciones Agropecuarias,15,19,82,18,0.8,2013,Región de Ñuble
0,Consultorio Pudahuel,1,1,100,0,1.0,2014,Región del Libertador General Bernardo O'Higgins
1,Hospital Clínico FUSAT,4,1,0,100,4.0,2014,Región del Libertador General Bernardo O'Higgins
2,Hospital Regional de Rancagua,1,1,0,0,1.0,2014,Región del Libertador General Bernardo O'Higgins
3,Universidad Diego Portales,1,1,100,0,1.0,2014,Región del Libertador General Bernardo O'Higgins
4,Centro de Estudios Avanzados en Fruticultura,2,9,63,38,0.2,2014,Región del Libertador General Bernardo O'Higgins
5,Instituto de Investigaciones Agropecuarias,2,3,67,33,0.7,2014,Región del Libertador General Bernardo O'Higgins
0,Hospital Regional de Talca,4,4,100,0,1.0,2014,Región del Maule
1,Pontificia Universidad Católica de Chile,1,1,100,0,1.0,2014,Región del Maule
2,Servicio Agrícola y Ganadero,1,1,100,0,1.0,2014,Región del Maule
3,Universidad Autónoma de Chile,22,15,67,33,1.5,2014,Región del Maule
4,Universidad Católica del Maule,51,56,74,26,0.9,2014,Región del Maule
5,Universidad de Talca,281,307,77,23,0.9,2014,Región del Maule
6,Universidad Santo Tomás,3,2,0,100,1.5,2014,Región del Maule
7,Centro de Estudios Avanzados en Fruticultura,2,3,100,0,0.7,2014,Región del Maule
8,Centro de Estudios en Alimentos Procesados,1,1,100,0,1.0,2014,Región del Maule
0,Bioforest SA,3,2,50,50,1.5,2014,Región del Biobío
1,Clínica Alemana,1,1,100,0,1.0,2014,Región del Biobío
2,Clínica Sanatorio Alemán,1,1,100,0,1.0,2014,Región del Biobío
3,Centro de investigación Oceanográfica en el Pacífico Sur Oriental,1,2,50,50,0.5,2014,Región del Biobío
4,Corp Nacl Forestal,1,1,0,100,1.0,2014,Región del Biobío
5,Forestal Mininco SA,2,3,67,33,0.7,2014,Región del Biobío
6,Hospital Guillermo Grant Benavente,4,8,63,38,0.5,2014,Región del Biobío
7,Hospital Las Higueras,2,4,75,25,0.5,2014,Región del Biobío
8,Inst Chile,1,1,100,0,1.0,2014,Región del Biobío
9,Inst Forestal INFOR,1,6,83,17,0.2,2014,Región del Biobío
10,Inst Invest Pesquera INPESCA,3,3,100,0,1.0,2014,Región del Biobío
11,MELISA Inst,1,4,67,33,0.3,2014,Región del Biobío
12,Servicio Médico Legal,1,1,100,0,1.0,2014,Región del Biobío
13,SUMIRCO,3,1,100,0,3.0,2014,Región del Biobío
14,Universidad Católica de la Santísima Concepción,74,87,63,37,0.9,2014,Región del Biobío
15,Universidad de Chile,1,1,100,0,1.0,2014,Región del Biobío
16,Universidad de Concepción,838,1027,65,35,0.8,2014,Región del Biobío
17,Universidad de la Frontera,1,1,100,0,1.0,2014,Región del Biobío
18,Universidad del Bío Bío,86,84,80,20,1.0,2014,Región del Biobío
19,Universidad del Desarrollo,18,19,72,28,0.9,2014,Región del Biobío
20,Universidad Nacional Andrés Bello,11,10,80,20,1.1,2014,Región del Biobío
21,Universidad San Sebastián,13,16,56,44,0.8,2014,Región del Biobío
22,Universidad Santo Tomás,6,13,92,8,0.5,2014,Región del Biobío
23,Centro de Ciencias Ambientales,1,1,0,0,1.0,2014,Región del Biobío
24,Centro de Desarrollo Urbano Sustentable,1,2,100,0,0.5,2014,Región del Biobío
25,Centro de Investigacion de Polimeros Avanzados,18,13,73,27,1.4,2014,Región del Biobío
26,Centro de Salud Familiar,1,1,0,100,1.0,2014,Región del Biobío
27,Centro de Ciencia del Clima y la Resiliencia,2,3,33,67,0.7,2014,Región del Biobío
28,Hospital Naval Almirante Adriazola,1,1,100,0,1.0,2014,Región del Biobío
29,Instituto de Ecologia y Biodiversidad,1,1,100,0,1.0,2014,Región del Biobío
30,Instituto Forestal,1,2,100,0,0.5,2014,Región del Biobío
31,Consorcio Genómica Forestal,2,4,75,25,0.5,2014,Región del Biobío
32,Centro Interdisciplinario de Investigación en Acuicultura Sustentable,51,22,90,10,2.3,2014,Región del Biobío
33,Instituto Milenio de Oceanografía,2,1,100,0,2.0,2014,Región del Biobío
34,Núcleo Milenio de Investigación en Economía Ambiental y Recursos Naturales,1,4,100,0,0.3,2014,Región del Biobío
0,Asociación Chilena de Seguridad,3,1,100,0,3.0,2014,Región de Ñuble
1,Hospital Clínico Herminda Martin,2,2,50,50,1.0,2014,Región de Ñuble
2,Instituto de Investigaciones Agropecuarias,1,1,0,100,1.0,2014,Región de Ñuble
3,Universidad de Concepción,57,86,64,36,0.7,2014,Región de Ñuble
4,Universidad del Bío Bío,64,67,70,30,1.0,2014,Región de Ñuble
5,Universidad Pedro de Valdivia,1,3,33,67,0.3,2014,Región de Ñuble
6,Instituto de Investigaciones Agropecuarias,8,9,78,22,0.9,2014,Región de Ñuble
0,Corp Nacl Cobre,1,1,100,0,1.0,2015,Región del Libertador General Bernardo O'Higgins
1,Hospital Regional de Rancagua,3,4,100,0,0.8,2015,Región del Libertador General Bernardo O'Higgins
2,Centro de Estudios Avanzados en Fruticultura,10,20,74,26,0.5,2015,Región del Libertador General Bernardo O'Higgins
3,Instituto de Investigaciones Agropecuarias,2,6,50,50,0.3,2015,Región del Libertador General Bernardo O'Higgins
0,Hospital Regional de Talca,7,15,55,45,0.5,2015,Región del Maule
1,Pontificia Universidad Católica de Chile,1,1,0,100,1.0,2015,Región del Maule
2,Universidad Autónoma de Chile,52,35,76,24,1.5,2015,Región del Maule
3,Universidad Católica del Maule,63,70,76,24,0.9,2015,Región del Maule
4,Universidad Católica del Norte,1,1,0,100,1.0,2015,Región del Maule
5,Universidad de Chile,1,1,0,100,1.0,2015,Región del Maule
6,Universidad de Talca,326,349,70,30,0.9,2015,Región del Maule
7,Universidad Santo Tomás,2,2,100,0,1.0,2015,Región del Maule
8,Centro de Estudios Avanzados en Fruticultura,4,8,86,14,0.5,2015,Región del Maule
9,Comision Nacional de Investigacion Cientifica y Tecnologica,2,1,100,0,2.0,2015,Región del Maule
10,Centro de Estudios en Alimentos Procesados,3,2,50,50,1.5,2015,Región del Maule
11,Nucleo Milenio Ecología Molecular y Aplicaciones Evolutivas en Agroecosistemas,5,7,86,14,0.7,2015,Región del Maule
0,Bioforest SA,2,2,100,0,1.0,2015,Región del Biobío
1,Centro de investigación Oceanográfica en el Pacífico Sur Oriental,1,2,100,0,0.5,2015,Región del Biobío
2,Forestal Mininco SA,2,2,50,50,1.0,2015,Región del Biobío
3,Hospital Las Higueras,6,8,80,20,0.8,2015,Región del Biobío
4,Hospital Regional de Concepción,6,7,50,50,0.9,2015,Región del Biobío
5,Inst Forestal INFOR,1,1,0,100,1.0,2015,Región del Biobío
6,Inst Invest Pesquera INPESCA,1,1,100,0,1.0,2015,Región del Biobío
7,MELISA Inst,2,4,75,25,0.5,2015,Región del Biobío
8,Pontificia Universidad Católica de Chile,2,2,0,100,1.0,2015,Región del Biobío
9,SEPADE,1,1,100,0,1.0,2015,Región del Biobío
10,SUMIRCO,1,1,100,0,1.0,2015,Región del Biobío
11,Universidad Austral de Chile,2,2,0,100,1.0,2015,Región del Biobío
12,Universidad Católica de la Santísima Concepción,83,74,59,41,1.1,2015,Región del Biobío
13,Universidad Central de Chile,1,1,0,100,1.0,2015,Región del Biobío
14,Universidad de Chile,8,10,60,40,0.8,2015,Región del Biobío
15,Universidad de Concepción,984,1190,66,34,0.8,2015,Región del Biobío
16,Universidad de Talca,1,2,100,0,0.5,2015,Región del Biobío
17,Universidad del Bío Bío,108,111,78,22,1.0,2015,Región del Biobío
18,Universidad del Desarrollo,31,44,74,26,0.7,2015,Región del Biobío
19,Universidad Metropolitana de Ciencias de la Educación,1,1,100,0,1.0,2015,Región del Biobío
20,Universidad Nacional Andrés Bello,16,13,62,38,1.2,2015,Región del Biobío
21,Universidad San Sebastián,59,44,59,41,1.3,2015,Región del Biobío
22,Universidad Santo Tomás,15,17,71,29,0.9,2015,Región del Biobío
23,Centro de Desarrollo Urbano Sustentable,1,2,50,50,0.5,2015,Región del Biobío
24,Centro de Investigacion de Polimeros Avanzados,14,9,63,38,1.6,2015,Región del Biobío
25,Centro de Optica y Fotonica,2,2,100,0,1.0,2015,Región del Biobío
26,Centro Nacional de Investigacion para la Gestion Integrada de Desastres Naturales,1,3,67,33,0.3,2015,Región del Biobío
27,Centro de Ciencia del Clima y la Resiliencia,4,3,0,100,1.3,2015,Región del Biobío
28,Comision Nacional de Investigacion Cientifica y Tecnologica,2,1,100,0,2.0,2015,Región del Biobío
29,Gobernacion Maritima de Talcahuano,1,1,100,0,1.0,2015,Región del Biobío
30,Consorcio Genómica Forestal,1,1,100,0,1.0,2015,Región del Biobío
31,Observatorio Europeo Austral,2,2,100,0,1.0,2015,Región del Biobío
32,Museo Historia Natural de Concepción,2,1,100,0,2.0,2015,Región del Biobío
33,Servicio de Salud de Concepción,1,1,0,100,1.0,2015,Región del Biobío
34,Centro Interdisciplinario de Investigación en Acuicultura Sustentable,54,23,82,18,2.3,2015,Región del Biobío
35,Instituto Milenio de Oceanografía,3,5,100,0,0.6,2015,Región del Biobío
36,Núcleo Milenio de Investigación en Economía Ambiental y Recursos Naturales,1,1,100,0,1.0,2015,Región del Biobío
37,Núcleo Milenio Óptica Avanzada,2,2,100,0,1.0,2015,Región del Biobío
0,Asociación Chilena de Seguridad,2,1,100,0,2.0,2015,Región de Ñuble
1,Hospital Clínico Herminda Martin,1,2,0,0,0.5,2015,Región de Ñuble
2,Instituto de Investigaciones Agropecuarias,2,2,50,50,1.0,2015,Región de Ñuble
3,Universidad Adventista de Chile,1,1,100,0,1.0,2015,Región de Ñuble
4,Universidad de Concepción,63,89,65,35,0.7,2015,Región de Ñuble
5,Universidad del Bío Bío,74,92,69,31,0.8,2015,Región de Ñuble
6,Universidad Pedro de Valdivia,1,1,100,0,1.0,2015,Región de Ñuble
7,Instituto de Investigaciones Agropecuarias,16,22,68,32,0.7,2015,Región de Ñuble
0,Hospital Clínico FUSAT,2,1,0,100,2.0,2016,Región del Libertador General Bernardo O'Higgins
1,Centro de Estudios Avanzados en Fruticultura,3,4,67,33,0.8,2016,Región del Libertador General Bernardo O'Higgins
2,Instituto de Investigaciones Agropecuarias,5,6,67,33,0.8,2016,Región del Libertador General Bernardo O'Higgins
3,Universidad de O`Higgins,1,1,100,0,1.0,2016,Región del Libertador General Bernardo O'Higgins
0,Gobierno Chile,1,1,100,0,1.0,2016,Región del Maule
1,Hospital Regional de Talca,7,7,50,50,1.0,2016,Región del Maule
2,Servicio Agrícola y Ganadero,1,1,100,0,1.0,2016,Región del Maule
3,Universidad Autónoma de Chile,47,19,83,17,2.5,2016,Región del Maule
4,Universidad Católica del Maule,67,86,67,33,0.8,2016,Región del Maule
5,Universidad de Santiago de Chile,2,2,50,50,1.0,2016,Región del Maule
6,Universidad de Talca,340,310,75,25,1.1,2016,Región del Maule
7,Universidad Santo Tomás,10,12,42,58,0.8,2016,Región del Maule
8,Centro de Estudios Avanzados en Fruticultura,3,3,100,0,1.0,2016,Región del Maule
9,Comision Nacional de Investigacion Cientifica y Tecnologica,4,7,71,29,0.6,2016,Región del Maule
10,Domicilio Particular Privado,1,1,100,0,1.0,2016,Región del Maule
11,Centro de Estudios en Alimentos Procesados,3,6,67,33,0.5,2016,Región del Maule
12,Nucleo Milenio Ecología Molecular y Aplicaciones Evolutivas en Agroecosistemas,3,3,67,33,1.0,2016,Región del Maule
0,Bioforest SA,7,5,80,20,1.4,2016,Región del Biobío
1,Clínica Alemana,3,2,100,0,1.5,2016,Región del Biobío
2,Clínica Sanatorio Alemán,2,3,33,67,0.7,2016,Región del Biobío
3,Centro de investigación Oceanográfica en el Pacífico Sur Oriental,1,1,0,100,1.0,2016,Región del Biobío
4,Hospital Guillermo Grant Benavente,4,6,67,33,0.7,2016,Región del Biobío
5,Hospital Las Higueras,4,7,60,40,0.6,2016,Región del Biobío
6,Hospital Regional de Concepción,5,11,56,44,0.5,2016,Región del Biobío
7,Inst Fomento Pesquero IFOP,1,1,100,0,1.0,2016,Región del Biobío
8,Inst Forestal INFOR,1,1,100,0,1.0,2016,Región del Biobío
9,Inst Invest Pesquera INPESCA,2,2,50,50,1.0,2016,Región del Biobío
10,Pontificia Universidad Católica de Chile,2,1,100,0,2.0,2016,Región del Biobío
11,Pontificia Universidad Católica de Valparaíso,1,1,100,0,1.0,2016,Región del Biobío
12,Universidad Católica de la Santísima Concepción,105,89,67,33,1.2,2016,Región del Biobío
13,Universidad de Chile,1,1,100,0,1.0,2016,Región del Biobío
14,Universidad de Concepción,1066,1328,66,34,0.8,2016,Región del Biobío
15,Universidad de las Américas,1,1,100,0,1.0,2016,Región del Biobío
16,Universidad del Bío Bío,135,136,75,25,1.0,2016,Región del Biobío
17,Universidad del Desarrollo,31,29,71,29,1.1,2016,Región del Biobío
18,Universidad Nacional Andrés Bello,16,9,56,44,1.8,2016,Región del Biobío
19,Universidad San Sebastián,60,48,67,33,1.3,2016,Región del Biobío
20,Universidad Santo Tomás,16,17,76,24,0.9,2016,Región del Biobío
21,Universidad Técnica Federico Santa María,1,3,100,0,0.3,2016,Región del Biobío
22,Astilleros y Maestranza de La Armada,1,1,100,0,1.0,2016,Región del Biobío
23,Centro de Investigacion de Polimeros Avanzados,19,13,58,42,1.5,2016,Región del Biobío
24,Centro de Optica y Fotonica,1,7,100,0,0.1,2016,Región del Biobío
25,Centro de Recursos Hidricos para la Agricultura y la Mineria,4,6,100,0,0.7,2016,Región del Biobío
26,Centro de Ciencia del Clima y la Resiliencia,1,1,0,100,1.0,2016,Región del Biobío
27,Comision Nacional de Investigacion Cientifica y Tecnologica,2,6,83,17,0.3,2016,Región del Biobío
28,Instituto de Ecologia y Biodiversidad,1,2,100,0,0.5,2016,Región del Biobío
29,SEREMI SALUD,1,1,100,0,1.0,2016,Región del Biobío
30,Museo Historia Natural de Concepción,1,1,100,0,1.0,2016,Región del Biobío
31,Centro Interdisciplinario de Investigación en Acuicultura Sustentable,24,19,67,33,1.3,2016,Región del Biobío
32,Instituto Milenio de Oceanografía,6,12,58,42,0.5,2016,Región del Biobío
0,Corp Nacl Forestal,1,1,0,100,1.0,2016,Región de Ñuble
1,Hospital Clínico Herminda Martin,1,1,100,0,1.0,2016,Región de Ñuble
2,Instituto de Investigaciones Agropecuarias,5,6,83,17,0.8,2016,Región de Ñuble
3,Universidad Adventista de Chile,5,4,75,25,1.3,2016,Región de Ñuble
4,Universidad de Concepción,65,110,61,39,0.6,2016,Región de Ñuble
5,Universidad de Magallanes,2,2,50,50,1.0,2016,Región de Ñuble
6,Universidad del Bío Bío,88,79,62,38,1.1,2016,Región de Ñuble
7,Centro de Recursos Hidricos para la Agricultura y la Mineria,1,2,100,0,0.5,2016,Región de Ñuble
8,Instituto de Investigaciones Agropecuarias,19,21,76,24,0.9,2016,Región de Ñuble
0,Corp Nacl Cobre,2,4,75,25,0.5,2017,Región del Libertador General Bernardo O'Higgins
1,Hospital Regional de Rancagua,1,2,0,0,0.5,2017,Región del Libertador General Bernardo O'Higgins
2,Centro de Estudios Avanzados en Fruticultura,7,5,100,0,1.4,2017,Región del Libertador General Bernardo O'Higgins
3,Servicio Nacional de Pesca y Acuicultura,1,1,100,0,1.0,2017,Región del Libertador General Bernardo O'Higgins
4,Universidad de O`Higgins,16,12,91,9,1.3,2017,Región del Libertador General Bernardo O'Higgins
0,Hospital Regional de Talca,5,5,60,40,1.0,2017,Región del Maule
1,Hospital San Juan de Dios,1,1,0,100,1.0,2017,Región del Maule
2,Instituto de Investigaciones Agropecuarias,1,1,0,100,1.0,2017,Región del Maule
3,Servicio Agrícola y Ganadero,1,1,0,100,1.0,2017,Región del Maule
4,Universidad Autónoma de Chile,70,33,75,25,2.1,2017,Región del Maule
5,Universidad Católica del Maule,93,103,62,38,0.9,2017,Región del Maule
6,Universidad de Talca,392,404,70,30,1.0,2017,Región del Maule
7,Universidad Santo Tomás,14,20,47,53,0.7,2017,Región del Maule
8,Centro de Estudios Avanzados en Fruticultura,3,7,86,14,0.4,2017,Región del Maule
9,Comision Nacional de Investigacion Cientifica y Tecnologica,2,2,100,0,1.0,2017,Región del Maule
10,Instituto de Investigaciones Agropecuarias,1,1,100,0,1.0,2017,Región del Maule
11,Núcleo Milenio Centro para el Impacto Socioeconómico de las Políticas Ambientales,1,2,50,50,0.5,2017,Región del Maule
12,Servicio de Salud del Maule,4,5,20,80,0.8,2017,Región del Maule
13,Centro de Estudios en Alimentos Procesados,4,3,100,0,1.3,2017,Región del Maule
0,Bioforest SA,6,7,100,0,0.9,2017,Región del Biobío
1,Clínica Alemana,11,18,81,19,0.6,2017,Región del Biobío
2,Forestal Mininco SA,4,3,67,33,1.3,2017,Región del Biobío
3,Hospital Guillermo Grant Benavente,4,6,80,20,0.7,2017,Región del Biobío
4,Hospital Las Higueras,3,5,100,0,0.6,2017,Región del Biobío
5,Hospital Regional de Concepción,9,22,67,33,0.4,2017,Región del Biobío
6,Inst Fomento Pesquero IFOP,1,1,100,0,1.0,2017,Región del Biobío
7,Inst Forestal INFOR,1,1,100,0,1.0,2017,Región del Biobío
8,Inst Invest Pesquera INPESCA,2,4,75,25,0.5,2017,Región del Biobío
9,Museo Nacl Hist Nat,1,1,100,0,1.0,2017,Región del Biobío
10,Pontificia Universidad Católica de Valparaíso,1,1,100,0,1.0,2017,Región del Biobío
11,Universidad Católica de la Santísima Concepción,124,117,61,39,1.1,2017,Región del Biobío
12,Universidad de Concepción,1040,1340,64,36,0.8,2017,Región del Biobío
13,Universidad de las Américas,1,1,0,100,1.0,2017,Región del Biobío
14,Universidad de los Andes,1,1,100,0,1.0,2017,Región del Biobío
15,Universidad del Bío Bío,132,144,77,23,0.9,2017,Región del Biobío
16,Universidad del Desarrollo,39,53,53,47,0.7,2017,Región del Biobío
17,Universidad Nacional Andrés Bello,29,30,62,38,1.0,2017,Región del Biobío
18,Universidad San Sebastián,66,64,51,49,1.0,2017,Región del Biobío
19,Universidad Santo Tomás,12,17,63,38,0.7,2017,Región del Biobío
20,Centro de Investigacion de Polimeros Avanzados,16,11,55,45,1.5,2017,Región del Biobío
21,Centro de Investigacion en Ecosistemas de la Patagonia,1,1,0,100,1.0,2017,Región del Biobío
22,Centro de Recursos Hidricos para la Agricultura y la Mineria,1,2,50,50,0.5,2017,Región del Biobío
23,Centro de Ciencia del Clima y la Resiliencia,1,3,0,100,0.3,2017,Región del Biobío
24,Hospital Naval Almirante Adriazola,1,1,100,0,1.0,2017,Región del Biobío
25,Instituto de Ecologia y Biodiversidad,2,2,100,0,1.0,2017,Región del Biobío
26,Instituto Forestal,1,2,0,0,0.5,2017,Región del Biobío
27,Centro Interdisciplinario de Investigación en Acuicultura Sustentable,32,58,72,28,0.6,2017,Región del Biobío
28,Núcleo Milenio de Salmónidos Invasores,2,3,50,50,0.7,2017,Región del Biobío
29,Núcleo Milenio el Ciclo Sísmico a lo largo de Zonas de Subducción,2,1,0,0,2.0,2017,Región del Biobío
30,Núcleo Milenio de Investigación en Economía Ambiental y Recursos Naturales,1,1,100,0,1.0,2017,Región del Biobío
0,Hospital Clínico Herminda Martin,4,8,63,38,0.5,2017,Región de Ñuble
1,Instituto de Investigaciones Agropecuarias,5,6,100,0,0.8,2017,Región de Ñuble
2,Servicio Agrícola y Ganadero,1,1,100,0,1.0,2017,Región de Ñuble
3,Universidad Adventista de Chile,14,7,83,17,2.0,2017,Región de Ñuble
4,Universidad de Concepción,76,126,67,33,0.6,2017,Región de Ñuble
5,Universidad de Magallanes,1,2,100,0,0.5,2017,Región de Ñuble
6,Universidad del Bío Bío,92,123,59,41,0.7,2017,Región de Ñuble
7,Instituto de Investigaciones Agropecuarias,12,17,81,19,0.7,2017,Región de Ñuble
0,Hospital Regional de Rancagua,2,2,0,100,1.0,2018,Región del Libertador General Bernardo O'Higgins
1,Centro de Estudios Avanzados en Fruticultura,5,11,75,25,0.5,2018,Región del Libertador General Bernardo O'Higgins
2,Instituto de Investigaciones Agropecuarias,1,1,100,0,1.0,2018,Región del Libertador General Bernardo O'Higgins
3,Universidad de O`Higgins,36,29,79,21,1.2,2018,Región del Libertador General Bernardo O'Higgins
0,Hospital Regional de Talca,9,14,64,36,0.6,2018,Región del Maule
1,Universidad Autónoma de Chile,105,46,81,19,2.3,2018,Región del Maule
2,Universidad Católica del Maule,132,154,69,31,0.9,2018,Región del Maule
3,Universidad de Talca,369,420,76,24,0.9,2018,Región del Maule
4,Universidad Santo Tomás,6,6,50,50,1.0,2018,Región del Maule
5,Instituto de Investigaciones Agropecuarias,1,1,0,100,1.0,2018,Región del Maule
6,Núcleo Milenio de Enfermedades asociadas a Canales Iónicos,1,1,0,100,1.0,2018,Región del Maule
7,Centro de Estudios en Alimentos Procesados,2,2,100,0,1.0,2018,Región del Maule
0,Bioforest SA,7,8,75,25,0.9,2018,Región del Biobío
1,Clínica Alemana,3,3,33,67,1.0,2018,Región del Biobío
2,Clínica Sanatorio Alemán,4,6,80,20,0.7,2018,Región del Biobío
3,Forestal Mininco SA,1,1,100,0,1.0,2018,Región del Biobío
4,Hospital Guillermo Grant Benavente,4,7,86,14,0.6,2018,Región del Biobío
5,Hospital Las Higueras,5,3,67,33,1.7,2018,Región del Biobío
6,Hospital Regional de Concepción,6,14,82,18,0.4,2018,Región del Biobío
7,Inst Forestal INFOR,2,4,100,0,0.5,2018,Región del Biobío
8,Universidad Católica de la Santísima Concepción,186,149,71,29,1.2,2018,Región del Biobío
9,Universidad de Concepción,1161,1463,66,34,0.8,2018,Región del Biobío
10,Universidad de las Américas,1,1,100,0,1.0,2018,Región del Biobío
11,Universidad del Bío Bío,182,208,75,25,0.9,2018,Región del Biobío
12,Universidad del Desarrollo,66,80,60,40,0.8,2018,Región del Biobío
13,Universidad Nacional Andrés Bello,27,32,57,43,0.8,2018,Región del Biobío
14,Universidad San Sebastián,73,50,61,39,1.5,2018,Región del Biobío
15,Universidad Santo Tomás,9,8,88,13,1.1,2018,Región del Biobío
16,Universidad Técnica Federico Santa María,2,4,100,0,0.5,2018,Región del Biobío
17,Astilleros y Maestranza de La Armada,1,2,100,0,0.5,2018,Región del Biobío
18,Centro de Investigacion de Polimeros Avanzados,12,8,50,50,1.5,2018,Región del Biobío
19,Centro de Recursos Hidricos para la Agricultura y la Mineria,2,4,75,25,0.5,2018,Región del Biobío
20,Centro de Ciencia del Clima y la Resiliencia,1,1,0,100,1.0,2018,Región del Biobío
21,Instituto de Ecologia y Biodiversidad,2,2,100,0,1.0,2018,Región del Biobío
22,Centro Interdisciplinario de Investigación en Acuicultura Sustentable,19,31,74,26,0.6,2018,Región del Biobío
23,Instituto Milenio de Investigación sobre los Fundamentos de los Datos,1,1,0,100,1.0,2018,Región del Biobío
24,Instituto Milenio de Oceanografía,8,10,80,20,0.8,2018,Región del Biobío
25,Núcleo Milenio de Salmónidos Invasores,26,20,79,21,1.3,2018,Región del Biobío
26,Núcleo Milenio el Ciclo Sísmico a lo largo de Zonas de Subducción,12,3,100,0,4.0,2018,Región del Biobío
27,Núcleo Milenio de Investigación en Economía Ambiental y Recursos Naturales,1,2,100,0,0.5,2018,Región del Biobío
0,Corp Nacl Forestal,1,1,0,100,1.0,2018,Región de Ñuble
1,Hospital Clínico Herminda Martin,1,3,0,100,0.3,2018,Región de Ñuble
2,Instituto de Investigaciones Agropecuarias,8,8,75,25,1.0,2018,Región de Ñuble
3,Servicio Agrícola y Ganadero,2,2,100,0,1.0,2018,Región de Ñuble
4,Universidad Adventista de Chile,13,6,83,17,2.2,2018,Región de Ñuble
5,Universidad de Concepción,66,95,57,43,0.7,2018,Región de Ñuble
6,Universidad de Magallanes,5,3,67,33,1.7,2018,Región de Ñuble
7,Universidad del Bío Bío,99,109,70,30,0.9,2018,Región de Ñuble
8,Universidad Pedro de Valdivia,1,1,100,0,1.0,2018,Región de Ñuble
9,Centro de Recursos Hidricos para la Agricultura y la Mineria,1,3,100,0,0.3,2018,Región de Ñuble
10,Instituto de Investigaciones Agropecuarias,17,13,85,15,1.3,2018,Región de Ñuble
0,Hospital Regional de Rancagua,4,5,0,100,0.8,2019,Región del Libertador General Bernardo O'Higgins
1,Centro de Estudios Avanzados en Fruticultura,6,8,63,38,0.8,2019,Región del Libertador General Bernardo O'Higgins
2,Universidad de O`Higgins,64,47,76,24,1.4,2019,Región del Libertador General Bernardo O'Higgins
0,Hospital Regional de Talca,1,1,100,0,1.0,2019,Región del Maule
1,Universidad Autónoma de Chile,109,51,70,30,2.1,2019,Región del Maule
2,Universidad Católica del Maule,211,227,65,35,0.9,2019,Región del Maule
3,Universidad de Concepción,2,2,100,0,1.0,2019,Región del Maule
4,Universidad de Talca,421,487,74,26,0.9,2019,Región del Maule
5,Universidad Santo Tomás,12,12,73,27,1.0,2019,Región del Maule
6,Centro de Estudios Avanzados en Fruticultura,2,2,50,50,1.0,2019,Región del Maule
7,Núcleo Milenio de Enfermedades asociadas a Canales Iónicos,1,1,100,0,1.0,2019,Región del Maule
8,Centro de Estudios en Alimentos Procesados,3,6,67,33,0.5,2019,Región del Maule
0,Bioforest SA,9,9,100,0,1.0,2019,Región del Biobío
1,Clínica Alemana,6,9,100,0,0.7,2019,Región del Biobío
2,Clínica Sanatorio Alemán,2,2,100,0,1.0,2019,Región del Biobío
3,Forestal Mininco SA,1,1,0,100,1.0,2019,Región del Biobío
4,Hospital Guillermo Grant Benavente,9,12,73,27,0.8,2019,Región del Biobío
5,Hospital Las Higueras,10,20,73,27,0.5,2019,Región del Biobío
6,Hospital Regional de Concepción,8,19,81,19,0.4,2019,Región del Biobío
7,Inst Forestal INFOR,1,4,100,0,0.3,2019,Región del Biobío
8,Inst Invest Pesquera INPESCA,1,1,100,0,1.0,2019,Región del Biobío
9,Universidad Austral de Chile,1,1,100,0,1.0,2019,Región del Biobío
10,Universidad Católica de la Santísima Concepción,251,201,71,29,1.2,2019,Región del Biobío
11,Universidad de Concepción,1224,1725,65,35,0.7,2019,Región del Biobío
12,Universidad de las Américas,1,1,0,100,1.0,2019,Región del Biobío
13,Universidad del Bío Bío,182,199,76,24,0.9,2019,Región del Biobío
14,Universidad del Desarrollo,41,46,72,28,0.9,2019,Región del Biobío
15,Universidad Nacional Andrés Bello,29,26,48,52,1.1,2019,Región del Biobío
16,Universidad San Sebastián,82,73,60,40,1.1,2019,Región del Biobío
17,Universidad Santo Tomás,7,5,80,20,1.4,2019,Región del Biobío
18,Universidad Técnica Federico Santa María,5,5,67,33,1.0,2019,Región del Biobío
19,Centro de Investigacion de Polimeros Avanzados,11,10,60,40,1.1,2019,Región del Biobío
20,Centro de Recursos Hidricos para la Agricultura y la Mineria,3,4,75,25,0.8,2019,Región del Biobío
21,Centro de Ciencia del Clima y la Resiliencia,1,1,0,100,1.0,2019,Región del Biobío
22,Comision Nacional de Investigacion Cientifica y Tecnologica,1,1,100,0,1.0,2019,Región del Biobío
23,Instituto de Ecologia y Biodiversidad,3,5,60,40,0.6,2019,Región del Biobío
24,Centro Interdisciplinario de Investigación en Acuicultura Sustentable,21,38,68,32,0.6,2019,Región del Biobío
25,Instituto Milenio de Oceanografía,3,5,75,25,0.6,2019,Región del Biobío
26,Núcleo Milenio de Salmónidos Invasores,29,11,73,27,2.6,2019,Región del Biobío
27,Núcleo Milenio el Ciclo Sísmico a lo largo de Zonas de Subducción,1,1,0,0,1.0,2019,Región del Biobío
0,Corp Nacl Forestal,2,2,0,100,1.0,2019,Región de Ñuble
1,Hospital Clínico Herminda Martin,1,2,0,100,0.5,2019,Región de Ñuble
2,Instituto de Investigaciones Agropecuarias,8,9,67,33,0.9,2019,Región de Ñuble
3,Servicio Agrícola y Ganadero,1,1,0,0,1.0,2019,Región de Ñuble
4,Universidad Adventista de Chile,17,13,75,25,1.3,2019,Región de Ñuble
5,Universidad de Concepción,74,149,64,36,0.5,2019,Región de Ñuble
6,Universidad del Bío Bío,92,103,65,35,0.9,2019,Región de Ñuble
7,Centro de Recursos Hidricos para la Agricultura y la Mineria,1,2,50,50,0.5,2019,Región de Ñuble
8,Instituto de Investigaciones Agropecuarias,15,24,82,18,0.6,2019,Región de Ñuble
0,Centro de Estudios Avanzados en Fruticultura,1,4,75,25,0.3,2020,Región del Libertador General Bernardo O'Higgins
1,Instituto de Investigaciones Agropecuarias,2,2,100,0,1.0,2020,Región del Libertador General Bernardo O'Higgins
2,Universidad de O`Higgins,17,20,67,33,0.9,2020,Región del Libertador General Bernardo O'Higgins
0,Hospital Regional de Talca,1,1,100,0,1.0,2020,Región del Maule
1,Universidad Autónoma de Chile,39,26,77,23,1.5,2020,Región del Maule
2,Universidad Católica del Maule,63,73,78,22,0.9,2020,Región del Maule
3,Universidad Católica del Norte,1,1,100,0,1.0,2020,Región del Maule
4,Universidad de Talca,145,196,77,23,0.7,2020,Región del Maule
5,Universidad Santo Tomás,4,8,50,50,0.5,2020,Región del Maule
0,Bioforest SA,2,5,100,0,0.4,2020,Región del Biobío
1,Clínica Alemana,6,6,17,83,1.0,2020,Región del Biobío
2,Clínica Sanatorio Alemán,2,7,40,60,0.3,2020,Región del Biobío
3,Forestal Mininco SA,1,2,50,50,0.5,2020,Región del Biobío
4,Hospital Guillermo Grant Benavente,1,2,0,100,0.5,2020,Región del Biobío
5,Hospital Las Higueras,4,13,88,13,0.3,2020,Región del Biobío
6,Inst Forestal INFOR,3,4,50,50,0.8,2020,Región del Biobío
7,Inst Invest Pesquera INPESCA,2,1,100,0,2.0,2020,Región del Biobío
8,Universidad Católica de la Santísima Concepción,95,91,73,27,1.0,2020,Región del Biobío
9,Universidad de Concepción,396,649,68,32,0.6,2020,Región del Biobío
10,Universidad del Bío Bío,74,88,78,22,0.8,2020,Región del Biobío
11,Universidad del Desarrollo,17,18,67,33,0.9,2020,Región del Biobío
12,Universidad Nacional Andrés Bello,15,20,59,41,0.8,2020,Región del Biobío
13,Universidad San Sebastián,32,34,53,47,0.9,2020,Región del Biobío
14,Universidad Santo Tomás,1,1,100,0,1.0,2020,Región del Biobío
15,Centro de Investigacion de Polimeros Avanzados,12,9,50,50,1.3,2020,Región del Biobío
16,Centro de Investigacion en Ecosistemas de la Patagonia,1,1,0,0,1.0,2020,Región del Biobío
17,Centro de Recursos Hidricos para la Agricultura y la Mineria,5,4,100,0,1.3,2020,Región del Biobío
18,Instituto de Ecologia y Biodiversidad,1,1,100,0,1.0,2020,Región del Biobío
19,Centro Interdisciplinario de Investigación en Acuicultura Sustentable,2,4,100,0,0.5,2020,Región del Biobío
20,Instituto Milenio de Oceanografía,4,7,57,43,0.6,2020,Región del Biobío
21,Núcleo Milenio de Salmónidos Invasores,2,6,50,50,0.3,2020,Región del Biobío
0,Instituto de Investigaciones Agropecuarias,4,7,57,43,0.6,2020,Región de Ñuble
1,Universidad Adventista de Chile,6,6,60,40,1.0,2020,Región de Ñuble
2,Universidad de Concepción,34,74,56,44,0.5,2020,Región de Ñuble
3,Universidad del Bío Bío,41,51,67,33,0.8,2020,Región de Ñuble
4,Universidad Pedro de Valdivia,1,1,0,100,1.0,2020,Región de Ñuble
5,Instituto de Investigaciones Agropecuarias,6,19,76,24,0.3,2020,Región de Ñuble
